Thickness,Actual,Ideal,Gap
SLI,25.6120728623,3.924504081,-21.6875687813
SSL,2.8028437792,1.6558319553,-1.1470118239
STD,71.57431283220001,133.2268259148,61.6525130826
